/*
 Navicat Premium Data Transfer

 Source Server         : MySQL
 Source Server Type    : MySQL
 Source Server Version : 50556
 Source Host           : localhost:3306
 Source Schema         : puapp

 Target Server Type    : MySQL
 Target Server Version : 50556
 File Encoding         : 65001

 Date: 18/09/2017 18:55:57
*/

SET NAMES utf8mb4;
SET FOREIGN_KEY_CHECKS = 0;

-- ----------------------------
-- Table structure for acmg_t_joblog
-- ----------------------------
DROP TABLE IF EXISTS `acmg_t_joblog`;
CREATE TABLE `acmg_t_joblog`  (
  `sche_nm` varchar(8) CHARACTER SET utf8 COLLATE utf8_bin NOT NULL,
  `proname` varchar(50) CHARACTER SET utf8 COLLATE utf8_bin NOT NULL,
  `workdate` datetime NOT NULL,
  `sqlcde` varchar(20) CHARACTER SET utf8 COLLATE utf8_bin DEFAULT '0',
  `starttime` datetime DEFAULT NULL,
  `endtime` datetime DEFAULT NULL,
  `prodesc` varchar(100) CHARACTER SET utf8 COLLATE utf8_bin DEFAULT NULL,
  `status` varchar(1) CHARACTER SET utf8 COLLATE utf8_bin DEFAULT '0',
  `sqlmsg` varchar(400) CHARACTER SET utf8 COLLATE utf8_bin DEFAULT NULL,
  PRIMARY KEY (`sche_nm`) USING BTREE
) ENGINE = InnoDB CHARACTER SET = utf8 COLLATE = utf8_bin ROW_FORMAT = Compact;

-- ----------------------------
-- Table structure for acmg_t_task
-- ----------------------------
DROP TABLE IF EXISTS `acmg_t_task`;
CREATE TABLE `acmg_t_task`  (
  `TASK_ID` varchar(32) CHARACTER SET utf8 COLLATE utf8_bin NOT NULL DEFAULT 'D' COMMENT '逻辑主键',
  `TASK_TYPE` varchar(32) CHARACTER SET utf8 COLLATE utf8_bin NOT NULL DEFAULT '00070001' COMMENT '任务类型',
  `TASK_NAME` varchar(50) CHARACTER SET utf8 COLLATE utf8_bin NOT NULL COMMENT '任务名称',
  `TASK_FLAG` varchar(100) CHARACTER SET utf8 COLLATE utf8_bin NOT NULL COMMENT '任务标识',
  `TASK_DESCRIPTION` varchar(2000) CHARACTER SET utf8 COLLATE utf8_bin DEFAULT NULL COMMENT '任务描述',
  `TASK_STATUS` int(1) NOT NULL DEFAULT 0 COMMENT '任务状态0初始化1已发布2已撤销',
  `TASK_TIME` datetime DEFAULT NULL COMMENT '任务时间',
  `TASK_START_TIME` datetime DEFAULT NULL COMMENT '开始时间',
  `TASK_END_TIME` datetime DEFAULT NULL COMMENT '结束时间',
  `EXEC_RATE` varchar(2) CHARACTER SET utf8 COLLATE utf8_bin NOT NULL DEFAULT 'D' COMMENT '执行频率',
  PRIMARY KEY (`TASK_ID`) USING BTREE
) ENGINE = InnoDB CHARACTER SET = utf8 COLLATE = utf8_bin COMMENT = '任务表' ROW_FORMAT = Compact;

-- ----------------------------
-- Records of acmg_t_task
-- ----------------------------
INSERT INTO `acmg_t_task` VALUES ('4FDE8480986C11E78F7D0021CCCAF668', '00070001', '客户编号', 'PRO_IFSI_ACCT_CNO', '客户编号任务', 0, '2017-09-18 09:17:13', '2017-09-18 09:57:08', '2017-09-18 09:57:08', '');
INSERT INTO `acmg_t_task` VALUES ('65D8C7A09C1011E7B9CE0021CCCAF668', '00070001', '账户编译', 'PRO_IFSI_ACCOUNT_TRANSACTION', '账户编译', 0, '2017-09-18 09:26:30', '2017-09-18 09:57:08', '2017-09-18 09:57:08', 'D');

-- ----------------------------
-- Table structure for acmg_t_task_instance
-- ----------------------------
DROP TABLE IF EXISTS `acmg_t_task_instance`;
CREATE TABLE `acmg_t_task_instance`  (
  `INSTANCE_ID` varchar(32) CHARACTER SET utf8 COLLATE utf8_bin NOT NULL,
  `INSTANCE_TYPE` varchar(32) CHARACTER SET utf8 COLLATE utf8_bin NOT NULL,
  `INSTANCE_NAME` varchar(200) CHARACTER SET utf8 COLLATE utf8_bin NOT NULL,
  `INSTANCE_FLAG` varchar(200) CHARACTER SET utf8 COLLATE utf8_bin NOT NULL,
  `INSTANCE_STATUS` int(1) DEFAULT NULL,
  `INSTANCE_TIME` datetime DEFAULT NULL,
  `INSTANCE_START_TIME` datetime DEFAULT NULL,
  `INSTANCE_END_TIME` datetime DEFAULT NULL,
  PRIMARY KEY (`INSTANCE_ID`) USING BTREE
) ENGINE = InnoDB CHARACTER SET = utf8 COLLATE = utf8_bin COMMENT = '实例表' ROW_FORMAT = Compact;

-- ----------------------------
-- Table structure for acmg_t_task_tache
-- ----------------------------
DROP TABLE IF EXISTS `acmg_t_task_tache`;
CREATE TABLE `acmg_t_task_tache`  (
  `TACHE_ID` varchar(32) CHARACTER SET utf8 COLLATE utf8_bin NOT NULL COMMENT '环节ID，逻辑主键',
  `TACHE_NAME` varchar(255) CHARACTER SET utf8 COLLATE utf8_bin NOT NULL COMMENT '环节名称',
  `TACHE_FLAG` varchar(100) CHARACTER SET utf8 COLLATE utf8_bin NOT NULL COMMENT '环节标识',
  `TASK_ID` varchar(32) CHARACTER SET utf8 COLLATE utf8_bin NOT NULL COMMENT '任务主键',
  `TACHE_TYPE` varchar(32) CHARACTER SET utf8 COLLATE utf8_bin NOT NULL COMMENT '环节类型(串行并行),码值',
  `TACHE_STUTAS` int(1) NOT NULL DEFAULT 0 COMMENT '环节执行状态，是否执行完毕，码值',
  `TACHE_TIME` timestamp NOT NULL DEFAULT CURRENT_TIMESTAMP ON UPDATE CURRENT_TIMESTAMP,
  `TACHE_START_TIME` datetime DEFAULT NULL,
  `TACHE_END_TIME` datetime DEFAULT NULL,
  `TACHE_INDEX` int(4) NOT NULL,
  PRIMARY KEY (`TACHE_ID`) USING BTREE
) ENGINE = InnoDB CHARACTER SET = utf8 COLLATE = utf8_bin COMMENT = '环节表' ROW_FORMAT = Compact;

-- ----------------------------
-- Records of acmg_t_task_tache
-- ----------------------------
INSERT INTO `acmg_t_task_tache` VALUES ('B9DC18269C4F11E7B9CE0021CCCAF668', '开始', 'Start', '4FDE8480986C11E78F7D0021CCCAF668', '00090001', 0, '2017-09-18 16:59:50', NULL, NULL, 1);
INSERT INTO `acmg_t_task_tache` VALUES ('D06613359C4F11E7B9CE0021CCCAF668', '编译账户', 'TransactionAccount', '4FDE8480986C11E78F7D0021CCCAF668', '00090001', 0, '2017-09-18 17:00:27', NULL, NULL, 2);

-- ----------------------------
-- Table structure for aprb_t_activity_group
-- ----------------------------
DROP TABLE IF EXISTS `aprb_t_activity_group`;
CREATE TABLE `aprb_t_activity_group`  (
  `GROUP_NO` varchar(32) CHARACTER SET utf8 COLLATE utf8_bin NOT NULL COMMENT '逻辑主键,UUID',
  `CUST_NO` varchar(32) CHARACTER SET utf8 COLLATE utf8_bin DEFAULT NULL COMMENT '客户号 APRB_T_CUSTOMER.CUST_NO',
  `CUST_NAME` varchar(50) CHARACTER SET utf8 COLLATE utf8_bin DEFAULT NULL COMMENT '客户姓名',
  `ACTIVITY_NAME` varchar(100) CHARACTER SET utf8 COLLATE utf8_bin DEFAULT NULL COMMENT '活动量名称',
  `ACTIVITY_TYPE` varchar(32) CHARACTER SET utf8 COLLATE utf8_bin DEFAULT NULL COMMENT '活动量类型',
  `WORKDAY` timestamp NOT NULL DEFAULT CURRENT_TIMESTAMP ON UPDATE CURRENT_TIMESTAMP COMMENT '工作日',
  `CONTACT_STEP` varchar(32) CHARACTER SET utf8 COLLATE utf8_bin DEFAULT NULL COMMENT '接触阶段',
  `SOURCE_CHANNELS` varchar(32) CHARACTER SET utf8 COLLATE utf8_bin DEFAULT NULL COMMENT '客户来源渠道',
  `CREATER` varchar(32) CHARACTER SET utf8 COLLATE utf8_bin DEFAULT NULL COMMENT '创建人',
  `STATUS` int(1) NOT NULL DEFAULT 0 COMMENT '状态',
  `COMMENTS` varchar(2000) CHARACTER SET utf8 COLLATE utf8_bin DEFAULT NULL COMMENT '备注',
  PRIMARY KEY (`GROUP_NO`) USING BTREE
) ENGINE = InnoDB CHARACTER SET = utf8 COLLATE = utf8_bin COMMENT = '活动量群组' ROW_FORMAT = Compact;

-- ----------------------------
-- Records of aprb_t_activity_group
-- ----------------------------
INSERT INTO `aprb_t_activity_group` VALUES ('4E2F5BF0861C11E78B1E2DF33B4FD84F', '0000865753', '董', '测试活动量', '00010001', '2017-08-21 10:56:18', '10000001', '30060001', '张三', 0, 'qqq');
INSERT INTO `aprb_t_activity_group` VALUES ('A8E6B761863A11E78B1E2DF33B4FD84F', '0001284916', '肖', '测试活动量', '00010002', '2017-08-21 14:33:36', '10000003', '30060002', '张三', 0, '');
INSERT INTO `aprb_t_activity_group` VALUES ('B2B89FAC863A11E78B1E2DF33B4FD84F', '0001797778', '赵', '测试活动量', '00010001', '2017-08-21 14:33:52', '10000001', '30060001', '张三', 0, '啊啊啊');
INSERT INTO `aprb_t_activity_group` VALUES ('B86139CD863A11E78B1E2DF33B4FD84F', '0002085046', '王', '测试活动量', '00010001', '2017-08-21 14:34:02', '10000001', '30060001', '张三', 0, '');

-- ----------------------------
-- Table structure for aprb_t_batch_callout
-- ----------------------------
DROP TABLE IF EXISTS `aprb_t_batch_callout`;
CREATE TABLE `aprb_t_batch_callout`  (
  `BATCH_NO` varchar(32) CHARACTER SET utf8 COLLATE utf8_bin NOT NULL COMMENT '逻辑主键,UUID',
  `INSERT_DATETIME` timestamp NOT NULL DEFAULT CURRENT_TIMESTAMP ON UPDATE CURRENT_TIMESTAMP COMMENT '创建日期',
  `PROJECT_NAME` varchar(100) CHARACTER SET utf8 COLLATE utf8_bin DEFAULT NULL COMMENT '批量外呼名称',
  `START_TIME` timestamp DEFAULT NULL COMMENT '开始时间',
  `END_TIME` timestamp DEFAULT NULL COMMENT '结束时间',
  `BATCH_TYPE` varchar(32) CHARACTER SET utf8 COLLATE utf8_bin DEFAULT NULL COMMENT '群组类型 码值',
  PRIMARY KEY (`BATCH_NO`) USING BTREE
) ENGINE = InnoDB CHARACTER SET = utf8 COLLATE = utf8_bin COMMENT = '批量外呼' ROW_FORMAT = Compact;

-- ----------------------------
-- Records of aprb_t_batch_callout
-- ----------------------------
INSERT INTO `aprb_t_batch_callout` VALUES ('A07D299388B011E796945BF8C906C1B8', '2017-08-24 17:43:05', '商机群组', NULL, NULL, '00020001');
INSERT INTO `aprb_t_batch_callout` VALUES ('D7608FA3939911E79D310021CCCAF668', '2017-09-07 14:57:39', '提醒群组', NULL, NULL, '00020002');
INSERT INTO `aprb_t_batch_callout` VALUES ('ED425D6A88AF11E796945BF8C906C1B8', '2017-08-24 17:38:04', '活动量群组', NULL, NULL, '00020004');

-- ----------------------------
-- Table structure for aprb_t_clients_group
-- ----------------------------
DROP TABLE IF EXISTS `aprb_t_clients_group`;
CREATE TABLE `aprb_t_clients_group`  (
  `GROUP_NO` varchar(32) CHARACTER SET utf8 COLLATE utf8_bin NOT NULL COMMENT '逻辑主键,UUID',
  `CUST_NO` varchar(32) CHARACTER SET utf8 COLLATE utf8_bin DEFAULT NULL COMMENT '客户号 APRB_T_CUSTOMER.CUST_NO',
  `CUST_NAME` varchar(50) CHARACTER SET utf8 COLLATE utf8_bin DEFAULT NULL COMMENT '客户姓名',
  `CUST_SEX` varchar(32) CHARACTER SET utf8 COLLATE utf8_bin DEFAULT NULL COMMENT '性别',
  `CARD_TYPE` varchar(32) CHARACTER SET utf8 COLLATE utf8_bin DEFAULT NULL COMMENT '证件类型',
  `CARD_INT` varchar(50) CHARACTER SET utf8 COLLATE utf8_bin DEFAULT NULL COMMENT '证件号码',
  `CUST_INT` varchar(11) CHARACTER SET utf8 COLLATE utf8_bin DEFAULT NULL COMMENT '联系方式',
  `CONTACT_STEP` varchar(32) CHARACTER SET utf8 COLLATE utf8_bin DEFAULT NULL COMMENT '接触阶段',
  `NOTICE_NAME` varchar(100) CHARACTER SET utf8 COLLATE utf8_bin DEFAULT NULL COMMENT '提醒名称',
  `NOTICE_TYPE` varchar(32) CHARACTER SET utf8 COLLATE utf8_bin DEFAULT NULL COMMENT '提醒类型',
  `FOLLOW_STATUS` varchar(32) CHARACTER SET utf8 COLLATE utf8_bin DEFAULT NULL COMMENT '跟进状态',
  `FINISH_DATE` timestamp NOT NULL DEFAULT CURRENT_TIMESTAMP ON UPDATE CURRENT_TIMESTAMP COMMENT '结束日期',
  `CUST_GROUP` varchar(32) CHARACTER SET utf8 COLLATE utf8_bin DEFAULT NULL COMMENT '客户群',
  `NOTICE_STATE` varchar(2000) CHARACTER SET utf8 COLLATE utf8_bin DEFAULT NULL COMMENT '提醒消息说明',
  `COMMENTS` varchar(2000) CHARACTER SET utf8 COLLATE utf8_bin DEFAULT NULL COMMENT '备注',
  PRIMARY KEY (`GROUP_NO`) USING BTREE
) ENGINE = InnoDB CHARACTER SET = utf8 COLLATE = utf8_bin COMMENT = '客户列表群组' ROW_FORMAT = Compact;

-- ----------------------------
-- Table structure for aprb_t_customer
-- ----------------------------
DROP TABLE IF EXISTS `aprb_t_customer`;
CREATE TABLE `aprb_t_customer`  (
  `CUST_NO` varchar(32) CHARACTER SET utf8 COLLATE utf8_bin NOT NULL COMMENT '客户编号,UUID',
  `CUST_NAME` varchar(50) CHARACTER SET utf8 COLLATE utf8_bin DEFAULT NULL COMMENT '客户名称',
  PRIMARY KEY (`CUST_NO`) USING BTREE
) ENGINE = InnoDB CHARACTER SET = utf8 COLLATE = utf8_bin COMMENT = '电话营销客户表' ROW_FORMAT = Compact;

-- ----------------------------
-- Records of aprb_t_customer
-- ----------------------------
INSERT INTO `aprb_t_customer` VALUES ('0000865753', '董');
INSERT INTO `aprb_t_customer` VALUES ('0001284916', '肖');
INSERT INTO `aprb_t_customer` VALUES ('0001797778', '赵');
INSERT INTO `aprb_t_customer` VALUES ('0002085046', '王');
INSERT INTO `aprb_t_customer` VALUES ('0002614308', '李');
INSERT INTO `aprb_t_customer` VALUES ('0003379175', '王');
INSERT INTO `aprb_t_customer` VALUES ('0005125707', '张');
INSERT INTO `aprb_t_customer` VALUES ('0005235278', '乔');
INSERT INTO `aprb_t_customer` VALUES ('0005611105', '张');
INSERT INTO `aprb_t_customer` VALUES ('0006710573', '王');
INSERT INTO `aprb_t_customer` VALUES ('0007194005', '丁');
INSERT INTO `aprb_t_customer` VALUES ('0007674422', '颜');
INSERT INTO `aprb_t_customer` VALUES ('0007714629', '马');
INSERT INTO `aprb_t_customer` VALUES ('0007884419', '孙');
INSERT INTO `aprb_t_customer` VALUES ('0008909245', '伍');
INSERT INTO `aprb_t_customer` VALUES ('0009159762', '刘');
INSERT INTO `aprb_t_customer` VALUES ('0010119671', '苏');
INSERT INTO `aprb_t_customer` VALUES ('0010221107', '何');
INSERT INTO `aprb_t_customer` VALUES ('0010261613', '余');
INSERT INTO `aprb_t_customer` VALUES ('0010441662', '王');
INSERT INTO `aprb_t_customer` VALUES ('0010515232', '何');
INSERT INTO `aprb_t_customer` VALUES ('0011025484', '袁');
INSERT INTO `aprb_t_customer` VALUES ('0011583819', '李');
INSERT INTO `aprb_t_customer` VALUES ('0011690194', '荘');
INSERT INTO `aprb_t_customer` VALUES ('0011941367', '谢');
INSERT INTO `aprb_t_customer` VALUES ('0012574627', '王');
INSERT INTO `aprb_t_customer` VALUES ('9000006653', '赵');
INSERT INTO `aprb_t_customer` VALUES ('9000007528', '李');
INSERT INTO `aprb_t_customer` VALUES ('9000028099', '刘');
INSERT INTO `aprb_t_customer` VALUES ('9000059331', '王');

-- ----------------------------
-- Table structure for aprb_t_customer_number
-- ----------------------------
DROP TABLE IF EXISTS `aprb_t_customer_number`;
CREATE TABLE `aprb_t_customer_number`  (
  `ID` varchar(32) CHARACTER SET utf8 COLLATE utf8_bin NOT NULL COMMENT 'UUID',
  `CUST_NO` varchar(32) CHARACTER SET utf8 COLLATE utf8_bin NOT NULL,
  `CUST_NUMBER` varchar(11) CHARACTER SET utf8 COLLATE utf8_bin NOT NULL COMMENT '客户号码',
  `MAIN` int(1) NOT NULL COMMENT '是否主要',
  PRIMARY KEY (`ID`) USING BTREE
) ENGINE = InnoDB CHARACTER SET = utf8 COLLATE = utf8_bin COMMENT = '电话营销客户联系方式' ROW_FORMAT = Compact;

-- ----------------------------
-- Records of aprb_t_customer_number
-- ----------------------------
INSERT INTO `aprb_t_customer_number` VALUES ('42DB391F870811E784BF01FEF8DC6975', '0000865753', '18539962773', 1);
INSERT INTO `aprb_t_customer_number` VALUES ('42DC716E870811E784BF01FEF8DC6975', '0001284916', '18539962773', 1);
INSERT INTO `aprb_t_customer_number` VALUES ('42DDB110870811E784BF01FEF8DC6975', '0001797778', '18539962773', 1);
INSERT INTO `aprb_t_customer_number` VALUES ('42DF12CD870811E784BF01FEF8DC6975', '0002085046', '18539962773', 1);
INSERT INTO `aprb_t_customer_number` VALUES ('42E063EC870811E784BF01FEF8DC6975', '0002614308', '18539962773', 1);
INSERT INTO `aprb_t_customer_number` VALUES ('42E1E55B870811E784BF01FEF8DC6975', '0003379175', '18539962773', 1);
INSERT INTO `aprb_t_customer_number` VALUES ('42E336BA870811E784BF01FEF8DC6975', '0005125707', '18539962773', 1);
INSERT INTO `aprb_t_customer_number` VALUES ('42E49BEF870811E784BF01FEF8DC6975', '0005235278', '18539962773', 1);
INSERT INTO `aprb_t_customer_number` VALUES ('42E5C55A870811E784BF01FEF8DC6975', '0005611105', '18539962773', 1);
INSERT INTO `aprb_t_customer_number` VALUES ('42E71458870811E784BF01FEF8DC6975', '0006710573', '18539962773', 1);
INSERT INTO `aprb_t_customer_number` VALUES ('42E85E12870811E784BF01FEF8DC6975', '0007194005', '18539962773', 1);
INSERT INTO `aprb_t_customer_number` VALUES ('42E9B613870811E784BF01FEF8DC6975', '0007674422', '18539962773', 1);
INSERT INTO `aprb_t_customer_number` VALUES ('42EAEB7B870811E784BF01FEF8DC6975', '0007714629', '18539962773', 1);
INSERT INTO `aprb_t_customer_number` VALUES ('42EC321F870811E784BF01FEF8DC6975', '0007884419', '18539962773', 1);
INSERT INTO `aprb_t_customer_number` VALUES ('42ED7D42870811E784BF01FEF8DC6975', '0008909245', '18539962773', 1);
INSERT INTO `aprb_t_customer_number` VALUES ('42EECF6B870811E784BF01FEF8DC6975', '0009159762', '18539962773', 1);
INSERT INTO `aprb_t_customer_number` VALUES ('42F0024E870811E784BF01FEF8DC6975', '0010119671', '18539962773', 1);
INSERT INTO `aprb_t_customer_number` VALUES ('42F14771870811E784BF01FEF8DC6975', '0010221107', '18539962773', 1);
INSERT INTO `aprb_t_customer_number` VALUES ('42F28FDA870811E784BF01FEF8DC6975', '0010261613', '18539962773', 1);
INSERT INTO `aprb_t_customer_number` VALUES ('42F3CCB2870811E784BF01FEF8DC6975', '0010441662', '18539962773', 1);
INSERT INTO `aprb_t_customer_number` VALUES ('42F501F9870811E784BF01FEF8DC6975', '0010515232', '18539962773', 1);
INSERT INTO `aprb_t_customer_number` VALUES ('42F63303870811E784BF01FEF8DC6975', '0011025484', '18539962773', 1);
INSERT INTO `aprb_t_customer_number` VALUES ('42F76F5B870811E784BF01FEF8DC6975', '0011583819', '18539962773', 1);
INSERT INTO `aprb_t_customer_number` VALUES ('42F8AA78870811E784BF01FEF8DC6975', '0011690194', '18539962773', 1);
INSERT INTO `aprb_t_customer_number` VALUES ('42F9E3D3870811E784BF01FEF8DC6975', '0011941367', '18539962773', 1);
INSERT INTO `aprb_t_customer_number` VALUES ('42FB2CF5870811E784BF01FEF8DC6975', '0012574627', '18539962773', 1);
INSERT INTO `aprb_t_customer_number` VALUES ('42FC5F1D870811E784BF01FEF8DC6975', '9000006653', '18539962773', 1);
INSERT INTO `aprb_t_customer_number` VALUES ('42FDA2C1870811E784BF01FEF8DC6975', '9000007528', '18539962773', 1);
INSERT INTO `aprb_t_customer_number` VALUES ('42FED83E870811E784BF01FEF8DC6975', '9000028099', '18539962773', 1);
INSERT INTO `aprb_t_customer_number` VALUES ('43001F4D870811E784BF01FEF8DC6975', '9000059331', '18539962773', 1);
INSERT INTO `aprb_t_customer_number` VALUES ('69CEB28D870811E784BF01FEF8DC6975', '0000865753', '88888888', 0);
INSERT INTO `aprb_t_customer_number` VALUES ('69CFB820870811E784BF01FEF8DC6975', '0001284916', '88888888', 0);
INSERT INTO `aprb_t_customer_number` VALUES ('69D11368870811E784BF01FEF8DC6975', '0001797778', '88888888', 0);
INSERT INTO `aprb_t_customer_number` VALUES ('69D26814870811E784BF01FEF8DC6975', '0002085046', '88888888', 0);
INSERT INTO `aprb_t_customer_number` VALUES ('69D3E06F870811E784BF01FEF8DC6975', '0002614308', '88888888', 0);
INSERT INTO `aprb_t_customer_number` VALUES ('69D51BCC870811E784BF01FEF8DC6975', '0003379175', '88888888', 0);
INSERT INTO `aprb_t_customer_number` VALUES ('69D68E3B870811E784BF01FEF8DC6975', '0005125707', '88888888', 0);
INSERT INTO `aprb_t_customer_number` VALUES ('69D7C643870811E784BF01FEF8DC6975', '0005235278', '88888888', 0);
INSERT INTO `aprb_t_customer_number` VALUES ('69D918EB870811E784BF01FEF8DC6975', '0005611105', '88888888', 0);
INSERT INTO `aprb_t_customer_number` VALUES ('69DA4ED5870811E784BF01FEF8DC6975', '0006710573', '88888888', 0);
INSERT INTO `aprb_t_customer_number` VALUES ('69DBA666870811E784BF01FEF8DC6975', '0007194005', '88888888', 0);
INSERT INTO `aprb_t_customer_number` VALUES ('69DCD3C1870811E784BF01FEF8DC6975', '0007674422', '88888888', 0);
INSERT INTO `aprb_t_customer_number` VALUES ('69DE2F69870811E784BF01FEF8DC6975', '0007714629', '88888888', 0);
INSERT INTO `aprb_t_customer_number` VALUES ('69DF679F870811E784BF01FEF8DC6975', '0007884419', '88888888', 0);
INSERT INTO `aprb_t_customer_number` VALUES ('69E0A8D8870811E784BF01FEF8DC6975', '0008909245', '88888888', 0);
INSERT INTO `aprb_t_customer_number` VALUES ('69E22461870811E784BF01FEF8DC6975', '0009159762', '88888888', 0);
INSERT INTO `aprb_t_customer_number` VALUES ('69E38636870811E784BF01FEF8DC6975', '0010119671', '88888888', 0);
INSERT INTO `aprb_t_customer_number` VALUES ('69E4CA09870811E784BF01FEF8DC6975', '0010221107', '88888888', 0);
INSERT INTO `aprb_t_customer_number` VALUES ('69E62E2A870811E784BF01FEF8DC6975', '0010261613', '88888888', 0);
INSERT INTO `aprb_t_customer_number` VALUES ('69E77251870811E784BF01FEF8DC6975', '0010441662', '88888888', 0);
INSERT INTO `aprb_t_customer_number` VALUES ('69E8C042870811E784BF01FEF8DC6975', '0010515232', '88888888', 0);
INSERT INTO `aprb_t_customer_number` VALUES ('69E9EF7C870811E784BF01FEF8DC6975', '0011025484', '88888888', 0);
INSERT INTO `aprb_t_customer_number` VALUES ('69EB22F0870811E784BF01FEF8DC6975', '0011583819', '88888888', 0);
INSERT INTO `aprb_t_customer_number` VALUES ('69EC6EC0870811E784BF01FEF8DC6975', '0011690194', '88888888', 0);
INSERT INTO `aprb_t_customer_number` VALUES ('69EDAB0E870811E784BF01FEF8DC6975', '0011941367', '88888888', 0);
INSERT INTO `aprb_t_customer_number` VALUES ('69EEEAB0870811E784BF01FEF8DC6975', '0012574627', '88888888', 0);
INSERT INTO `aprb_t_customer_number` VALUES ('69F0246B870811E784BF01FEF8DC6975', '9000006653', '88888888', 0);
INSERT INTO `aprb_t_customer_number` VALUES ('69F14896870811E784BF01FEF8DC6975', '9000007528', '88888888', 0);
INSERT INTO `aprb_t_customer_number` VALUES ('69F29111870811E784BF01FEF8DC6975', '9000028099', '88888888', 0);
INSERT INTO `aprb_t_customer_number` VALUES ('69F3C5DD870811E784BF01FEF8DC6975', '9000059331', '88888888', 0);
INSERT INTO `aprb_t_customer_number` VALUES ('7DDEA1B9870811E784BF01FEF8DC6975', '0000865753', '66666666', 0);
INSERT INTO `aprb_t_customer_number` VALUES ('7DDFD317870811E784BF01FEF8DC6975', '0001284916', '66666666', 0);
INSERT INTO `aprb_t_customer_number` VALUES ('7DE0F69F870811E784BF01FEF8DC6975', '0001797778', '66666666', 0);
INSERT INTO `aprb_t_customer_number` VALUES ('7DE2532C870811E784BF01FEF8DC6975', '0002085046', '66666666', 0);
INSERT INTO `aprb_t_customer_number` VALUES ('7DE3962B870811E784BF01FEF8DC6975', '0002614308', '66666666', 0);
INSERT INTO `aprb_t_customer_number` VALUES ('7DE4DF1B870811E784BF01FEF8DC6975', '0003379175', '66666666', 0);
INSERT INTO `aprb_t_customer_number` VALUES ('7DE62349870811E784BF01FEF8DC6975', '0005125707', '66666666', 0);
INSERT INTO `aprb_t_customer_number` VALUES ('7DE76B33870811E784BF01FEF8DC6975', '0005235278', '66666666', 0);
INSERT INTO `aprb_t_customer_number` VALUES ('7DE8B64F870811E784BF01FEF8DC6975', '0005611105', '66666666', 0);
INSERT INTO `aprb_t_customer_number` VALUES ('7DEA1A02870811E784BF01FEF8DC6975', '0006710573', '66666666', 0);
INSERT INTO `aprb_t_customer_number` VALUES ('7DEB6380870811E784BF01FEF8DC6975', '0007194005', '66666666', 0);
INSERT INTO `aprb_t_customer_number` VALUES ('7DECB494870811E784BF01FEF8DC6975', '0007674422', '66666666', 0);
INSERT INTO `aprb_t_customer_number` VALUES ('7DEE1264870811E784BF01FEF8DC6975', '0007714629', '66666666', 0);
INSERT INTO `aprb_t_customer_number` VALUES ('7DEF6A53870811E784BF01FEF8DC6975', '0007884419', '66666666', 0);
INSERT INTO `aprb_t_customer_number` VALUES ('7DF0A732870811E784BF01FEF8DC6975', '0008909245', '66666666', 0);
INSERT INTO `aprb_t_customer_number` VALUES ('7DF1E2FC870811E784BF01FEF8DC6975', '0009159762', '66666666', 0);
INSERT INTO `aprb_t_customer_number` VALUES ('7DF31A85870811E784BF01FEF8DC6975', '0010119671', '66666666', 0);
INSERT INTO `aprb_t_customer_number` VALUES ('7DF4647E870811E784BF01FEF8DC6975', '0010221107', '66666666', 0);
INSERT INTO `aprb_t_customer_number` VALUES ('7DF5A08C870811E784BF01FEF8DC6975', '0010261613', '66666666', 0);
INSERT INTO `aprb_t_customer_number` VALUES ('7DF6E18D870811E784BF01FEF8DC6975', '0010441662', '66666666', 0);
INSERT INTO `aprb_t_customer_number` VALUES ('7DF8124F870811E784BF01FEF8DC6975', '0010515232', '66666666', 0);
INSERT INTO `aprb_t_customer_number` VALUES ('7DF95C68870811E784BF01FEF8DC6975', '0011025484', '66666666', 0);
INSERT INTO `aprb_t_customer_number` VALUES ('7DFA926C870811E784BF01FEF8DC6975', '0011583819', '66666666', 0);
INSERT INTO `aprb_t_customer_number` VALUES ('7DFBB4F8870811E784BF01FEF8DC6975', '0011690194', '66666666', 0);
INSERT INTO `aprb_t_customer_number` VALUES ('7DFD084A870811E784BF01FEF8DC6975', '0011941367', '66666666', 0);
INSERT INTO `aprb_t_customer_number` VALUES ('7DFE59E1870811E784BF01FEF8DC6975', '0012574627', '66666666', 0);
INSERT INTO `aprb_t_customer_number` VALUES ('7DFFB01A870811E784BF01FEF8DC6975', '9000006653', '66666666', 0);
INSERT INTO `aprb_t_customer_number` VALUES ('7E010096870811E784BF01FEF8DC6975', '9000007528', '66666666', 0);
INSERT INTO `aprb_t_customer_number` VALUES ('7E02357E870811E784BF01FEF8DC6975', '9000028099', '66666666', 0);
INSERT INTO `aprb_t_customer_number` VALUES ('7E036407870811E784BF01FEF8DC6975', '9000059331', '66666666', 0);

-- ----------------------------
-- Table structure for aprb_t_employee
-- ----------------------------
DROP TABLE IF EXISTS `aprb_t_employee`;
CREATE TABLE `aprb_t_employee`  (
  `ID` varchar(32) CHARACTER SET utf8 COLLATE utf8_bin NOT NULL,
  `ACCOUNT` varchar(50) CHARACTER SET utf8 COLLATE utf8_bin NOT NULL,
  `PASSWORD` varchar(64) CHARACTER SET utf8 COLLATE utf8_bin NOT NULL,
  `USERNAME` varchar(50) CHARACTER SET utf8 COLLATE utf8_bin NOT NULL,
  PRIMARY KEY (`ID`) USING BTREE
) ENGINE = InnoDB CHARACTER SET = utf8 COLLATE = utf8_bin ROW_FORMAT = Compact;

-- ----------------------------
-- Records of aprb_t_employee
-- ----------------------------
INSERT INTO `aprb_t_employee` VALUES ('74D9A85A979211E78EA80021CCCAF668', 'admin', 'CFCD208495D565EF66E7DFF9F98764DA', '管理员');

-- ----------------------------
-- Table structure for aprb_t_notice_group
-- ----------------------------
DROP TABLE IF EXISTS `aprb_t_notice_group`;
CREATE TABLE `aprb_t_notice_group`  (
  `GROUP_NO` varchar(32) CHARACTER SET utf8 COLLATE utf8_bin NOT NULL COMMENT '逻辑主键,UUID',
  `CUST_NO` varchar(32) CHARACTER SET utf8 COLLATE utf8_bin DEFAULT NULL COMMENT '客户号 APRB_T_CUSTOMER.CUST_NO',
  `CUST_NAME` varchar(50) CHARACTER SET utf8 COLLATE utf8_bin DEFAULT NULL COMMENT '客户姓名',
  `NOTICE_NAME` varchar(100) CHARACTER SET utf8 COLLATE utf8_bin DEFAULT NULL COMMENT '提醒名称',
  `NOTICE_TYPE` varchar(32) CHARACTER SET utf8 COLLATE utf8_bin DEFAULT NULL COMMENT '提醒类型',
  `FOLLOW_STATUS` varchar(32) CHARACTER SET utf8 COLLATE utf8_bin DEFAULT NULL COMMENT '跟进状态',
  `FINISH_DATE` timestamp NOT NULL DEFAULT CURRENT_TIMESTAMP ON UPDATE CURRENT_TIMESTAMP COMMENT '结束日期',
  `CUST_GROUP` varchar(32) CHARACTER SET utf8 COLLATE utf8_bin DEFAULT NULL COMMENT '客户群',
  `CUST_NUMBER` varchar(11) CHARACTER SET utf8 COLLATE utf8_bin DEFAULT NULL COMMENT '联系方式',
  `NOTICE_STATE` varchar(2000) CHARACTER SET utf8 COLLATE utf8_bin DEFAULT NULL COMMENT '提醒消息说明',
  `COMMENTS` varchar(2000) CHARACTER SET utf8 COLLATE utf8_bin DEFAULT NULL COMMENT '备注',
  PRIMARY KEY (`GROUP_NO`) USING BTREE
) ENGINE = InnoDB CHARACTER SET = utf8 COLLATE = utf8_bin COMMENT = '提示信息群组' ROW_FORMAT = Compact;

-- ----------------------------
-- Records of aprb_t_notice_group
-- ----------------------------
INSERT INTO `aprb_t_notice_group` VALUES ('221E84F1914311E7A4570021CCCAF668', '0000865753', '董', '测试提醒', '00050001', '00040001', '2017-09-04 15:31:58', '客户群一', '18539962773', '啊啊', '方法');
INSERT INTO `aprb_t_notice_group` VALUES ('2E479EE8914311E7A4570021CCCAF668', '0008909245', '伍', '测试提醒', '00050002', '00040002', '2017-09-04 15:32:19', '客户群一', '18539962773', '饭饭饭', '方法');
INSERT INTO `aprb_t_notice_group` VALUES ('392AF330914311E7A4570021CCCAF668', '0010221107', '何', '测试提醒', '00050001', '00040001', '2017-09-04 15:32:37', '客户群一', '18539962773', '饭饭饭', '反反复复');

-- ----------------------------
-- Table structure for aprb_t_oppo_group
-- ----------------------------
DROP TABLE IF EXISTS `aprb_t_oppo_group`;
CREATE TABLE `aprb_t_oppo_group`  (
  `GROUP_NO` varchar(32) CHARACTER SET utf8 COLLATE utf8_bin NOT NULL COMMENT '逻辑主键,UUID',
  `CUST_NO` varchar(32) CHARACTER SET utf8 COLLATE utf8_bin DEFAULT NULL COMMENT '客户号 APRB_T_CUSTOMER.CUST_NO',
  `CUST_NAME` varchar(50) CHARACTER SET utf8 COLLATE utf8_bin DEFAULT NULL COMMENT '客户姓名',
  `OPPO_NAME` varchar(100) CHARACTER SET utf8 COLLATE utf8_bin DEFAULT NULL COMMENT '商机名称',
  `OPPO_TYPE` varchar(32) CHARACTER SET utf8 COLLATE utf8_bin DEFAULT NULL COMMENT '商机类型',
  `FOLLOW_STATUS` varchar(32) CHARACTER SET utf8 COLLATE utf8_bin DEFAULT NULL COMMENT '跟进状态',
  `FINISH_DATE` timestamp DEFAULT NULL ON UPDATE CURRENT_TIMESTAMP COMMENT '结束日期',
  `CUST_GROUP` varchar(32) CHARACTER SET utf8 COLLATE utf8_bin DEFAULT NULL COMMENT '客户群',
  `CUST_NUMBER` varchar(11) CHARACTER SET utf8 COLLATE utf8_bin DEFAULT NULL COMMENT '联系方式',
  `OPPO_STATE` varchar(2000) CHARACTER SET utf8 COLLATE utf8_bin DEFAULT NULL COMMENT '商机活动说明',
  `COMMENTS` varchar(2000) CHARACTER SET utf8 COLLATE utf8_bin DEFAULT NULL COMMENT '备注',
  PRIMARY KEY (`GROUP_NO`) USING BTREE
) ENGINE = InnoDB CHARACTER SET = utf8 COLLATE = utf8_bin COMMENT = '商机群组' ROW_FORMAT = Compact;

-- ----------------------------
-- Records of aprb_t_oppo_group
-- ----------------------------
INSERT INTO `aprb_t_oppo_group` VALUES ('545DCED2871611E784BF01FEF8DC6975', '0000865753', '董', '测试商机', '00030001', '00040001', NULL, '默认客户群', '18539962773', '', '');
INSERT INTO `aprb_t_oppo_group` VALUES ('5A278C02871611E784BF01FEF8DC6975', '0001284916', '肖', '测试商机', '00030001', '00040001', NULL, '默认客户群', '18539962773', '', '');
INSERT INTO `aprb_t_oppo_group` VALUES ('633BC36D871611E784BF01FEF8DC6975', '0010119671', '苏', '测试商机', '00030001', '00040001', NULL, '默认客户群', '18539962773', '', '');
INSERT INTO `aprb_t_oppo_group` VALUES ('69F4010F871611E784BF01FEF8DC6975', '0007674422', '颜', '测试商机', '00030001', '00040001', NULL, '默认客户群', '18539962773', '', '');

-- ----------------------------
-- Table structure for aprb_t_single_callout
-- ----------------------------
DROP TABLE IF EXISTS `aprb_t_single_callout`;
CREATE TABLE `aprb_t_single_callout`  (
  `CALL_NO` varchar(32) CHARACTER SET utf8 COLLATE utf8_bin NOT NULL COMMENT '外呼编号,UUID',
  `BATCH_NO` varchar(32) CHARACTER SET utf8 COLLATE utf8_bin DEFAULT NULL COMMENT '批量外呼主键',
  `PROJECT_TYPE` varchar(32) CHARACTER SET utf8 COLLATE utf8_bin DEFAULT NULL COMMENT '默认活动量类型',
  `START_TIME` timestamp DEFAULT NULL COMMENT '开始时间',
  `DURATION` int(18) DEFAULT NULL COMMENT '记录通话时长 单位秒',
  `CUST_NAME` varchar(50) CHARACTER SET utf8 COLLATE utf8_bin DEFAULT NULL COMMENT '客户姓名',
  `CUST_NUMBER` varchar(11) CHARACTER SET utf8 COLLATE utf8_bin DEFAULT NULL COMMENT '客户电话',
  `CUST_TYPE` varchar(32) CHARACTER SET utf8 COLLATE utf8_bin DEFAULT NULL COMMENT '客户类型',
  `CUST_NO` varchar(32) CHARACTER SET utf8 COLLATE utf8_bin DEFAULT NULL COMMENT '客户号',
  `DISPOSE_TIME` timestamp DEFAULT NULL COMMENT '处理期限',
  `LAST_UPDATE_TIME` timestamp DEFAULT NULL COMMENT '上次处理时间',
  `RESULT` varchar(32) CHARACTER SET utf8 COLLATE utf8_bin DEFAULT NULL COMMENT '处理结果',
  `CALLOUT_TIMES` int(3) DEFAULT NULL COMMENT '呼出次数',
  `CALLOUT_STATUS` int(1) NOT NULL DEFAULT 0 COMMENT '呼出状态',
  `ALLOT_STATUS` int(1) DEFAULT NULL COMMENT '分配状态',
  `BELONG_ORG` varchar(32) CHARACTER SET utf8 COLLATE utf8_bin DEFAULT NULL COMMENT '所属机构',
  `CUST_CHANNELS` varchar(32) CHARACTER SET utf8 COLLATE utf8_bin DEFAULT NULL COMMENT '客户来源渠道',
  `AREA` varchar(32) CHARACTER SET utf8 COLLATE utf8_bin DEFAULT NULL COMMENT '区域',
  PRIMARY KEY (`CALL_NO`) USING BTREE
) ENGINE = InnoDB CHARACTER SET = utf8 COLLATE = utf8_bin COMMENT = '单个外呼' ROW_FORMAT = Compact;

-- ----------------------------
-- Records of aprb_t_single_callout
-- ----------------------------
INSERT INTO `aprb_t_single_callout` VALUES ('74FE00A188AD11E796945BF8C906C1B8', '74FC432088AD11E796945BF8C906C1B8', NULL, NULL, NULL, '董', '18539962773', NULL, '0000865753', NULL, NULL, NULL, NULL, 0, NULL, NULL, NULL, NULL);
INSERT INTO `aprb_t_single_callout` VALUES ('8746409688B011E796945BF8C906C1B8', 'ED425D6A88AF11E796945BF8C906C1B8', NULL, NULL, NULL, '肖', '18539962773', NULL, '0001284916', NULL, NULL, NULL, NULL, 0, NULL, NULL, NULL, NULL);
INSERT INTO `aprb_t_single_callout` VALUES ('917E305C88B011E796945BF8C906C1B8', 'ED425D6A88AF11E796945BF8C906C1B8', NULL, NULL, NULL, '赵', '18539962773', NULL, '0001797778', NULL, NULL, NULL, NULL, 0, NULL, NULL, NULL, NULL);
INSERT INTO `aprb_t_single_callout` VALUES ('94B747C188B011E796945BF8C906C1B8', 'ED425D6A88AF11E796945BF8C906C1B8', NULL, NULL, NULL, '王', '18539962773', NULL, '0002085046', NULL, NULL, NULL, NULL, 0, NULL, NULL, NULL, NULL);
INSERT INTO `aprb_t_single_callout` VALUES ('A07E63CB88B011E796945BF8C906C1B8', 'A07D299388B011E796945BF8C906C1B8', NULL, NULL, NULL, '董', '18539962773', NULL, '0000865753', NULL, NULL, NULL, NULL, 0, NULL, NULL, NULL, NULL);
INSERT INTO `aprb_t_single_callout` VALUES ('AB19197F88B011E796945BF8C906C1B8', 'A07D299388B011E796945BF8C906C1B8', NULL, NULL, NULL, '肖', '18539962773', NULL, '0001284916', NULL, NULL, NULL, NULL, 0, NULL, NULL, NULL, NULL);
INSERT INTO `aprb_t_single_callout` VALUES ('AB1A60CB88B011E796945BF8C906C1B8', 'A07D299388B011E796945BF8C906C1B8', NULL, NULL, NULL, '苏', '18539962773', NULL, '0010119671', NULL, NULL, NULL, NULL, 0, NULL, NULL, NULL, NULL);
INSERT INTO `aprb_t_single_callout` VALUES ('AB1B038A88B011E796945BF8C906C1B8', 'A07D299388B011E796945BF8C906C1B8', NULL, NULL, NULL, '颜', '18539962773', NULL, '0007674422', NULL, NULL, NULL, NULL, 0, NULL, NULL, NULL, NULL);
INSERT INTO `aprb_t_single_callout` VALUES ('D7635C05939911E79D310021CCCAF668', 'D7608FA3939911E79D310021CCCAF668', NULL, NULL, NULL, '董', '18539962773', NULL, '0000865753', NULL, NULL, NULL, NULL, 0, NULL, NULL, NULL, NULL);
INSERT INTO `aprb_t_single_callout` VALUES ('D764662D939911E79D310021CCCAF668', 'D7608FA3939911E79D310021CCCAF668', NULL, NULL, NULL, '伍', '18539962773', NULL, '0008909245', NULL, NULL, NULL, NULL, 0, NULL, NULL, NULL, NULL);
INSERT INTO `aprb_t_single_callout` VALUES ('E97147FD939911E79D310021CCCAF668', 'D7608FA3939911E79D310021CCCAF668', NULL, NULL, NULL, '何', '18539962773', NULL, '0010221107', NULL, NULL, NULL, NULL, 0, NULL, NULL, NULL, NULL);

-- ----------------------------
-- Table structure for asmg_t_code_info
-- ----------------------------
DROP TABLE IF EXISTS `asmg_t_code_info`;
CREATE TABLE `asmg_t_code_info`  (
  `TYPE_CODE` varchar(32) CHARACTER SET utf8 COLLATE utf8_bin NOT NULL COMMENT '类型编码',
  `CODE_NAME` varchar(64) CHARACTER SET utf8 COLLATE utf8_bin NOT NULL COMMENT '参数名称',
  `CODE_VALUE` varchar(32) CHARACTER SET utf8 COLLATE utf8_bin NOT NULL COMMENT 'CODE值',
  `LOCAL` varchar(64) CHARACTER SET utf8 COLLATE utf8_bin DEFAULT NULL,
  `INDEX_NO` int(11) DEFAULT NULL COMMENT '序号',
  `REMARK` varchar(512) CHARACTER SET utf8 COLLATE utf8_bin DEFAULT NULL COMMENT '备注',
  `DATA_SRC` varchar(8) CHARACTER SET utf8 COLLATE utf8_bin NOT NULL DEFAULT '30060002' COMMENT '数据来源',
  `INSERT_USER` varchar(32) CHARACTER SET utf8 COLLATE utf8_bin DEFAULT NULL COMMENT '创建用户编号',
  `INSERT_USER_NAME` varchar(64) CHARACTER SET utf8 COLLATE utf8_bin DEFAULT NULL COMMENT '创建用户',
  `CREATOR_ORG_NO` varchar(32) CHARACTER SET utf8 COLLATE utf8_bin DEFAULT NULL COMMENT '创建人所属机构编号',
  `CREATOR_ORG` varchar(128) CHARACTER SET utf8 COLLATE utf8_bin DEFAULT NULL COMMENT '创建人所属机构',
  `INSERT_IPADDRESS` varchar(32) CHARACTER SET utf8 COLLATE utf8_bin DEFAULT NULL COMMENT '插入IP地址',
  `INSERT_DATETIME` timestamp NOT NULL DEFAULT CURRENT_TIMESTAMP ON UPDATE CURRENT_TIMESTAMP COMMENT '插入时间',
  `UPDATE_USER` varchar(32) CHARACTER SET utf8 COLLATE utf8_bin DEFAULT NULL COMMENT '修改用户编号',
  `UPDATE_USER_NAME` varchar(64) CHARACTER SET utf8 COLLATE utf8_bin DEFAULT NULL COMMENT '修改用户',
  `MODIFER_ORG_NO` varchar(32) CHARACTER SET utf8 COLLATE utf8_bin DEFAULT NULL COMMENT '修改人所属机构编号',
  `MODIFER_ORG` varchar(128) CHARACTER SET utf8 COLLATE utf8_bin DEFAULT NULL COMMENT '修改人所属机构',
  `UPDATE_IPADDRESS` varchar(32) CHARACTER SET utf8 COLLATE utf8_bin DEFAULT NULL COMMENT '更新IP地址',
  `UPDATE_DATETIME` timestamp DEFAULT NULL COMMENT '更新时间',
  `IS_DEL` varchar(8) CHARACTER SET utf8 COLLATE utf8_bin NOT NULL DEFAULT '20000002' COMMENT '是否删除',
  PRIMARY KEY (`CODE_VALUE`) USING BTREE
) ENGINE = InnoDB CHARACTER SET = utf8 COLLATE = utf8_bin COMMENT = '字典参数信息' ROW_FORMAT = Compact;

-- ----------------------------
-- Records of asmg_t_code_info
-- ----------------------------
INSERT INTO `asmg_t_code_info` VALUES ('activityType', '活动量类型一', '00010001', NULL, 1, NULL, '30060002', NULL, NULL, NULL, NULL, NULL, '2017-09-15 11:34:27', NULL, NULL, NULL, NULL, NULL, NULL, '20000002');
INSERT INTO `asmg_t_code_info` VALUES ('activityType', '活动量类型二', '00010002', NULL, 2, NULL, '30060002', NULL, NULL, NULL, NULL, NULL, '2017-09-15 11:34:28', NULL, NULL, NULL, NULL, NULL, NULL, '');
INSERT INTO `asmg_t_code_info` VALUES ('batchType', '商机群组', '00020001', NULL, 1, NULL, '30060002', NULL, NULL, NULL, NULL, NULL, '2017-09-15 11:34:29', NULL, NULL, NULL, NULL, NULL, NULL, '');
INSERT INTO `asmg_t_code_info` VALUES ('batchType', '提示信息群组', '00020002', NULL, 2, NULL, '30060002', NULL, NULL, NULL, NULL, NULL, '2017-09-15 11:34:31', NULL, NULL, NULL, NULL, NULL, NULL, '');
INSERT INTO `asmg_t_code_info` VALUES ('batchType', '客户列表群组', '00020003', NULL, 3, NULL, '30060002', NULL, NULL, NULL, NULL, NULL, '2017-09-15 11:34:32', NULL, NULL, NULL, NULL, NULL, NULL, '');
INSERT INTO `asmg_t_code_info` VALUES ('batchType', '活动量外呼群组', '00020004', NULL, 4, NULL, '30060002', NULL, NULL, NULL, NULL, NULL, '2017-09-15 11:34:35', NULL, NULL, NULL, NULL, NULL, NULL, '');
INSERT INTO `asmg_t_code_info` VALUES ('oppoType', '商机类型一', '00030001', NULL, 1, NULL, '30060002', NULL, NULL, NULL, NULL, NULL, '2017-09-15 11:34:36', NULL, NULL, NULL, NULL, NULL, NULL, '');
INSERT INTO `asmg_t_code_info` VALUES ('oppoType', '商机类型二', '00030002', NULL, 2, NULL, '30060002', NULL, NULL, NULL, NULL, NULL, '2017-09-15 11:34:38', NULL, NULL, NULL, NULL, NULL, NULL, '');
INSERT INTO `asmg_t_code_info` VALUES ('oppoType', '商机类型三', '00030003', NULL, 3, NULL, '30060002', NULL, NULL, NULL, NULL, NULL, '2017-09-15 11:34:39', NULL, NULL, NULL, NULL, NULL, NULL, '');
INSERT INTO `asmg_t_code_info` VALUES ('followStatus', '跟进一', '00040001', NULL, 1, NULL, '30060002', NULL, NULL, NULL, NULL, NULL, '2017-09-15 11:34:41', NULL, NULL, NULL, NULL, NULL, NULL, '');
INSERT INTO `asmg_t_code_info` VALUES ('followStatus', '跟进二', '00040002', NULL, 2, NULL, '30060002', NULL, NULL, NULL, NULL, NULL, '2017-09-15 11:34:43', NULL, NULL, NULL, NULL, NULL, NULL, '');
INSERT INTO `asmg_t_code_info` VALUES ('noticeType', '提醒类型一', '00050001', NULL, 1, NULL, '30060002', NULL, NULL, NULL, NULL, NULL, '2017-09-15 11:34:45', NULL, NULL, NULL, NULL, NULL, NULL, '');
INSERT INTO `asmg_t_code_info` VALUES ('noticeType', '提醒类型二', '00050002', NULL, 2, NULL, '30060002', NULL, NULL, NULL, NULL, NULL, '2017-09-15 11:34:46', NULL, NULL, NULL, NULL, NULL, NULL, '');
INSERT INTO `asmg_t_code_info` VALUES ('noticeType', '提醒类型三', '00050003', NULL, 3, NULL, '30060002', NULL, NULL, NULL, NULL, NULL, '2017-09-15 11:34:47', NULL, NULL, NULL, NULL, NULL, NULL, '');
INSERT INTO `asmg_t_code_info` VALUES ('custType', '潜在客户', '00060001', NULL, 1, NULL, '30060002', NULL, NULL, NULL, NULL, NULL, '2017-09-15 11:34:48', NULL, NULL, NULL, NULL, NULL, NULL, '');
INSERT INTO `asmg_t_code_info` VALUES ('custType', '正式客户', '00060002', NULL, 2, NULL, '30060002', NULL, NULL, NULL, NULL, NULL, '2017-09-15 11:34:50', NULL, NULL, NULL, NULL, NULL, NULL, '');
INSERT INTO `asmg_t_code_info` VALUES ('custType', '重要客户', '00060003', NULL, 3, NULL, '30060002', NULL, NULL, NULL, NULL, NULL, '2017-09-15 11:34:51', NULL, NULL, NULL, NULL, NULL, NULL, '');
INSERT INTO `asmg_t_code_info` VALUES ('taskType', '存储和脚本任务', '00070001', NULL, 1, NULL, '30060002', NULL, NULL, NULL, NULL, NULL, '2017-09-15 11:34:52', NULL, NULL, NULL, NULL, NULL, NULL, '');
INSERT INTO `asmg_t_code_info` VALUES ('taskType', '存储任务', '00070002', NULL, 2, NULL, '30060002', NULL, NULL, NULL, NULL, NULL, '2017-09-15 11:34:53', NULL, NULL, NULL, NULL, NULL, NULL, '');
INSERT INTO `asmg_t_code_info` VALUES ('taskType', '脚本任务', '00070003', NULL, 3, NULL, '30060002', NULL, NULL, NULL, NULL, NULL, '2017-09-15 11:34:54', NULL, NULL, NULL, NULL, NULL, NULL, '');
INSERT INTO `asmg_t_code_info` VALUES ('tacheType', '串行', '00090001', NULL, 1, NULL, '30060002', NULL, NULL, NULL, NULL, NULL, '2017-09-18 11:02:17', NULL, NULL, NULL, NULL, NULL, NULL, '');
INSERT INTO `asmg_t_code_info` VALUES ('tacheType', '并行', '00090002', NULL, 2, NULL, '30060002', NULL, NULL, NULL, NULL, NULL, '2017-09-18 11:02:19', NULL, NULL, NULL, NULL, NULL, NULL, '');
INSERT INTO `asmg_t_code_info` VALUES ('conStep', '阶段一', '10000001', NULL, 1, NULL, '30060002', NULL, NULL, NULL, NULL, NULL, '2017-09-15 11:34:55', NULL, NULL, NULL, NULL, NULL, NULL, '20000002');
INSERT INTO `asmg_t_code_info` VALUES ('conStep', '阶段三', '10000003', NULL, 3, NULL, '30060002', NULL, NULL, NULL, NULL, NULL, '2017-09-15 11:34:58', NULL, NULL, NULL, NULL, NULL, NULL, '20000002');
INSERT INTO `asmg_t_code_info` VALUES ('yon', '是', '20000001', NULL, 1, NULL, '30060002', NULL, NULL, NULL, NULL, NULL, '2017-09-15 11:34:59', NULL, NULL, NULL, NULL, NULL, NULL, '20000002');
INSERT INTO `asmg_t_code_info` VALUES ('yon', '否', '20000002', NULL, 2, NULL, '30060002', NULL, NULL, NULL, NULL, NULL, '2017-09-15 11:35:00', NULL, NULL, NULL, NULL, NULL, NULL, '20000002');
INSERT INTO `asmg_t_code_info` VALUES ('dataSrc', '手工取数', '30060001', NULL, 1, NULL, '30060002', NULL, NULL, NULL, NULL, NULL, '2017-09-15 11:35:01', NULL, NULL, NULL, NULL, NULL, NULL, '20000002');
INSERT INTO `asmg_t_code_info` VALUES ('dataSrc', '系统取数', '30060002', NULL, 2, NULL, '30060002', NULL, NULL, NULL, NULL, NULL, '2017-09-15 11:35:02', NULL, NULL, NULL, NULL, NULL, NULL, '20000002');
INSERT INTO `asmg_t_code_info` VALUES ('execRate', '每天', 'D', NULL, 1, NULL, '30060002', NULL, NULL, NULL, NULL, NULL, '2017-09-15 11:32:14', NULL, NULL, NULL, NULL, NULL, NULL, '');
INSERT INTO `asmg_t_code_info` VALUES ('execRate', '每月', 'M', NULL, 3, NULL, '30060002', NULL, NULL, NULL, NULL, NULL, '2017-09-15 11:32:23', NULL, NULL, NULL, NULL, NULL, NULL, '');
INSERT INTO `asmg_t_code_info` VALUES ('execRate', '每半年', 'MY', NULL, 5, NULL, '30060002', NULL, NULL, NULL, NULL, NULL, '2017-09-15 11:32:39', NULL, NULL, NULL, NULL, NULL, NULL, '');
INSERT INTO `asmg_t_code_info` VALUES ('execRate', '每季', 'Q', NULL, 4, NULL, '30060002', NULL, NULL, NULL, NULL, NULL, '2017-09-15 11:32:37', NULL, NULL, NULL, NULL, NULL, NULL, '');
INSERT INTO `asmg_t_code_info` VALUES ('execRate', '每周', 'W', NULL, 2, NULL, '30060002', NULL, NULL, NULL, NULL, NULL, '2017-09-15 11:32:21', NULL, NULL, NULL, NULL, NULL, NULL, '');
INSERT INTO `asmg_t_code_info` VALUES ('execRate', '每年', 'Y', NULL, 6, NULL, '30060002', NULL, NULL, NULL, NULL, NULL, '2017-09-15 11:32:42', NULL, NULL, NULL, NULL, NULL, NULL, '');

-- ----------------------------
-- Table structure for asmg_t_code_type
-- ----------------------------
DROP TABLE IF EXISTS `asmg_t_code_type`;
CREATE TABLE `asmg_t_code_type`  (
  `TYPE_CODE` varchar(32) CHARACTER SET utf8 COLLATE utf8_bin NOT NULL DEFAULT '' COMMENT '类型编码',
  `TYPE_NAME` varchar(64) CHARACTER SET utf8 COLLATE utf8_bin NOT NULL COMMENT '类型名称',
  `REMARK` varchar(512) CHARACTER SET utf8 COLLATE utf8_bin DEFAULT NULL COMMENT '备注',
  `DATA_SRC` varchar(32) CHARACTER SET utf8 COLLATE utf8_bin DEFAULT '30060002' COMMENT '数据来源',
  `INSERT_USER` varchar(32) CHARACTER SET utf8 COLLATE utf8_bin DEFAULT NULL COMMENT '创建用户编号',
  `INSERT_USER_NAME` varchar(64) CHARACTER SET utf8 COLLATE utf8_bin DEFAULT NULL COMMENT '创建用户',
  `CREATOR_ORG_NO` varchar(32) CHARACTER SET utf8 COLLATE utf8_bin DEFAULT NULL COMMENT '创建人所属机构编号',
  `CREATOR_ORG` varchar(128) CHARACTER SET utf8 COLLATE utf8_bin DEFAULT NULL COMMENT '创建人所属机构',
  `INSERT_IPADDRESS` varchar(32) CHARACTER SET utf8 COLLATE utf8_bin DEFAULT NULL COMMENT '插入IP地址',
  `INSERT_DATETIME` timestamp DEFAULT CURRENT_TIMESTAMP ON UPDATE CURRENT_TIMESTAMP COMMENT '插入时间',
  `UPDATE_USER` varchar(32) CHARACTER SET utf8 COLLATE utf8_bin DEFAULT NULL COMMENT '修改用户编号',
  `UPDATE_USER_NAME` varchar(64) CHARACTER SET utf8 COLLATE utf8_bin DEFAULT NULL COMMENT '修改用户',
  `MODIFER_ORG_NO` varchar(32) CHARACTER SET utf8 COLLATE utf8_bin DEFAULT NULL COMMENT '修改人所属机构编号',
  `MODIFER_ORG` varchar(128) CHARACTER SET utf8 COLLATE utf8_bin DEFAULT NULL COMMENT '修改人所属机构',
  `UPDATE_IPADDRESS` varchar(32) CHARACTER SET utf8 COLLATE utf8_bin DEFAULT NULL COMMENT '更新IP地址',
  `UPDATE_DATETIME` timestamp DEFAULT NULL COMMENT '更新时间',
  `IS_DEL` varchar(32) CHARACTER SET utf8 COLLATE utf8_bin DEFAULT '20000002' COMMENT '是否删除',
  PRIMARY KEY (`TYPE_CODE`) USING BTREE
) ENGINE = InnoDB CHARACTER SET = utf8 COLLATE = utf8_bin COMMENT = '字典类型表' ROW_FORMAT = Compact;

-- ----------------------------
-- Records of asmg_t_code_type
-- ----------------------------
INSERT INTO `asmg_t_code_type` VALUES ('activityType', '活动量类型', NULL, '30060002', NULL, NULL, NULL, NULL, NULL, '2017-08-20 15:04:52', NULL, NULL, NULL, NULL, NULL, NULL, '20000002');
INSERT INTO `asmg_t_code_type` VALUES ('batchType', '群组类型', NULL, '30060002', NULL, NULL, NULL, NULL, NULL, '2017-08-21 14:58:07', NULL, NULL, NULL, NULL, NULL, NULL, '20000002');
INSERT INTO `asmg_t_code_type` VALUES ('conStep', '接触阶段', NULL, '30060002', NULL, NULL, NULL, NULL, NULL, '2017-08-20 15:02:42', NULL, NULL, NULL, NULL, NULL, NULL, '20000002');
INSERT INTO `asmg_t_code_type` VALUES ('custType', '客户类型', NULL, '30060002', NULL, NULL, NULL, NULL, NULL, '2017-09-07 15:07:41', NULL, NULL, NULL, NULL, NULL, NULL, '20000002');
INSERT INTO `asmg_t_code_type` VALUES ('dataSrc', '数据来源', NULL, '30060002', NULL, NULL, NULL, NULL, NULL, '2017-08-19 09:44:31', NULL, NULL, NULL, NULL, NULL, NULL, '20000002');
INSERT INTO `asmg_t_code_type` VALUES ('execRate', '执行频率', NULL, '30060002', NULL, NULL, NULL, NULL, NULL, '2017-09-15 11:13:16', NULL, NULL, NULL, NULL, NULL, NULL, '20000002');
INSERT INTO `asmg_t_code_type` VALUES ('followStatus', '跟进状态', NULL, '30060002', NULL, NULL, NULL, NULL, NULL, '2017-08-22 11:26:08', NULL, NULL, NULL, NULL, NULL, NULL, '20000002');
INSERT INTO `asmg_t_code_type` VALUES ('noticeType', '提醒类型', NULL, '30060002', NULL, NULL, NULL, NULL, NULL, '2017-09-01 15:57:23', NULL, NULL, NULL, NULL, NULL, NULL, '20000002');
INSERT INTO `asmg_t_code_type` VALUES ('oppoType', '商机类型', NULL, '30060002', NULL, NULL, NULL, NULL, NULL, '2017-08-22 11:23:14', NULL, NULL, NULL, NULL, NULL, NULL, '20000002');
INSERT INTO `asmg_t_code_type` VALUES ('tacheType', '环节类型', NULL, '30060002', NULL, NULL, NULL, NULL, NULL, '2017-09-18 11:01:23', NULL, NULL, NULL, NULL, NULL, NULL, '20000002');
INSERT INTO `asmg_t_code_type` VALUES ('taskType', '任务类型', NULL, '30060002', NULL, NULL, NULL, NULL, NULL, '2017-09-13 15:21:53', NULL, NULL, NULL, NULL, NULL, NULL, '20000002');
INSERT INTO `asmg_t_code_type` VALUES ('yon', '是否', NULL, '30060002', NULL, NULL, NULL, NULL, NULL, '2017-08-19 10:09:32', NULL, NULL, NULL, NULL, NULL, NULL, '20000002');

SET FOREIGN_KEY_CHECKS = 1;
